{"cameraMode":{"drawMode":0,"name":"Shaded","section":"Shading Mode"},"sceneLighting":true,"audioPlay":false,"sceneViewState":{"showFog":true,"showMaterialUpdate":false,"showSkybox":true,"showFlares":true,"showImageEffects":true,"showParticleSystems":true,"showVisualEffectGraphs":true,"m_FxEnabled":true},"in2DMode":false,"pivot":{"x":0.21685469150543214,"y":0.0004811286926269531,"z":0.0011071069166064263},"rotation":{"x":-0.288280189037323,"y":0.6478330492973328,"z":-0.29071149230003359,"w":-0.6424148082733154},"size":0.8660253882408142,"orthographic":false}